<?xml version="1.0" encoding="utf-8"?>
<System>
  <P Name="Location">[639, -7, 1280, 681]</P>
  <P Name="Open">on</P>
  <P Name="ReportName">simulink-default.rpt</P>
  <P Name="SIDHighWatermark">35</P>
  <Block BlockType="SignalGenerator" Name="Carrier Signal [Ac*cos(wt)]1" SID="27">
    <PortCounts out="1"/>
    <P Name="Position">[440, 290, 470, 320]</P>
    <P Name="ZOrder">58</P>
    <P Name="Frequency">100</P>
  </Block>
  <Block BlockType="Scope" Name="Carrier1" SID="26">
    <PortCounts in="1"/>
    <P Name="Position">[600, 339, 630, 371]</P>
    <P Name="ZOrder">61</P>
    <P Name="ScopeSpecificationString">Simulink.scopes.TimeScopeBlockCfg(&apos;CurrentConfiguration&apos;, extmgr.ConfigurationSet(extmgr.Configuration(&apos;Core&apos;,&apos;General UI&apos;,true),extmgr.Configuration(&apos;Core&apos;,&apos;Source UI&apos;,true),extmgr.Configuration(&apos;Sources&apos;,&apos;WiredSimulink&apos;,true,&apos;DataLoggingVariableName&apos;,&apos;ScopeData1&apos;),extmgr.Configuration(&apos;Visuals&apos;,&apos;Time Domain&apos;,true,&apos;SerializedDisplays&apos;,{struct(&apos;MinYLimReal&apos;,&apos;-1.25&apos;,&apos;MaxYLimReal&apos;,&apos;1.25&apos;,&apos;YLabelReal&apos;,&apos;&apos;,&apos;MinYLimMag&apos;,&apos;0.00000&apos;,&apos;MaxYLimMag&apos;,&apos;1.25&apos;,&apos;LegendVisibility&apos;,&apos;On&apos;,&apos;XGrid&apos;,true,&apos;YGrid&apos;,true,&apos;PlotMagPhase&apos;,false,&apos;AxesColor&apos;,[0 0 0],&apos;AxesTickColor&apos;,[0.686274509803922 0.686274509803922 0.686274509803922],&apos;ColorOrder&apos;,[1 1 0.0666666666666667;0.0745098039215686 0.623529411764706 1;1 0.411764705882353 0.16078431372549;0.392156862745098 0.831372549019608 0.0745098039215686;0.717647058823529 0.274509803921569 1;0.0588235294117647 1 1;1 0.0745098039215686 0.650980392156863],&apos;Title&apos;,&apos;%&lt;SignalLabel&gt;&apos;,&apos;LinePropertiesCache&apos;,{{}},&apos;UserDefinedChannelNames&apos;,{{}},&apos;NumLines&apos;,1,&apos;LineNames&apos;,{{&apos;Carrier Signal [Ac*cos(wt)]1&apos;}},&apos;ShowContent&apos;,true,&apos;Placement&apos;,1)},&apos;DisplayPropertyDefaults&apos;,struct(&apos;MinYLimReal&apos;,&apos;-1.25&apos;,&apos;MaxYLimReal&apos;,&apos;1.25&apos;,&apos;YLabelReal&apos;,&apos;&apos;,&apos;MinYLimMag&apos;,&apos;0.00000&apos;,&apos;MaxYLimMag&apos;,&apos;1.25&apos;,&apos;LegendVisibility&apos;,&apos;On&apos;,&apos;XGrid&apos;,true,&apos;YGrid&apos;,true,&apos;PlotMagPhase&apos;,false,&apos;AxesColor&apos;,[0 0 0],&apos;AxesTickColor&apos;,[0.686274509803922 0.686274509803922 0.686274509803922],&apos;ColorOrder&apos;,[0.0745098039215686 0.623529411764706 1;1 0.411764705882353 0.16078431372549;1 1 0.0666666666666667;0.717647058823529 0.274509803921569 1;0.392156862745098 0.831372549019608 0.0745098039215686;0.0588235294117647 1 1;1 0.0745098039215686 0.650980392156863])),extmgr.Configuration(&apos;Tools&apos;,&apos;Plot Navigation&apos;,true),extmgr.Configuration(&apos;Tools&apos;,&apos;Measurements&apos;,true,&apos;Version&apos;,&apos;2023a&apos;,&apos;Measurements&apos;,struct(&apos;peaks&apos;,struct(&apos;Threshold&apos;,0,&apos;NumPeaks&apos;,3,&apos;MinPeakDistance&apos;,1,&apos;MinPeakHeight&apos;,-Inf,&apos;SortByXAxis&apos;,false,&apos;TextLabelFormat&apos;,1,&apos;TextIndices&apos;,[],&apos;SortAscending&apos;,false,&apos;SettingsPanelOpen&apos;,0,&apos;PeaksPanelOpen&apos;,1)))),&apos;Version&apos;,&apos;2023a&apos;,&apos;Position&apos;,[-3.66666666666667 81.6666666666667 1260.66666666667 310])</P>
    <P Name="NumInputPorts">1</P>
    <P Name="Floating">off</P>
  </Block>
  <Block BlockType="Constant" Name="Constant1" SID="28">
    <P Name="Position">[355, 220, 385, 250]</P>
    <P Name="ZOrder">63</P>
  </Block>
  <Block BlockType="SignalGenerator" Name="Message Signal [m(t)]1" SID="30">
    <PortCounts out="1"/>
    <P Name="Position">[355, 125, 385, 155]</P>
    <P Name="ZOrder">57</P>
    <P Name="Frequency">20</P>
  </Block>
  <Block BlockType="Scope" Name="Message1" SID="29">
    <PortCounts in="1"/>
    <P Name="Position">[495, 94, 525, 126]</P>
    <P Name="ZOrder">59</P>
    <P Name="ScopeSpecificationString">Simulink.scopes.TimeScopeBlockCfg(&apos;CurrentConfiguration&apos;, extmgr.ConfigurationSet(extmgr.Configuration(&apos;Core&apos;,&apos;General UI&apos;,true),extmgr.Configuration(&apos;Core&apos;,&apos;Source UI&apos;,true),extmgr.Configuration(&apos;Sources&apos;,&apos;WiredSimulink&apos;,true,&apos;DataLoggingVariableName&apos;,&apos;ScopeData2&apos;),extmgr.Configuration(&apos;Visuals&apos;,&apos;Time Domain&apos;,true,&apos;SerializedDisplays&apos;,{struct(&apos;MinYLimReal&apos;,&apos;-0.625&apos;,&apos;MaxYLimReal&apos;,&apos;0.625&apos;,&apos;YLabelReal&apos;,&apos;&apos;,&apos;MinYLimMag&apos;,&apos;0.00000&apos;,&apos;MaxYLimMag&apos;,&apos;0.625&apos;,&apos;LegendVisibility&apos;,&apos;On&apos;,&apos;XGrid&apos;,true,&apos;YGrid&apos;,true,&apos;PlotMagPhase&apos;,false,&apos;AxesColor&apos;,[0 0 0],&apos;AxesTickColor&apos;,[0.686274509803922 0.686274509803922 0.686274509803922],&apos;ColorOrder&apos;,[1 1 0.0666666666666667;0.0745098039215686 0.623529411764706 1;1 0.411764705882353 0.16078431372549;0.392156862745098 0.831372549019608 0.0745098039215686;0.717647058823529 0.274509803921569 1;0.0588235294117647 1 1;1 0.0745098039215686 0.650980392156863],&apos;Title&apos;,&apos;%&lt;SignalLabel&gt;&apos;,&apos;LinePropertiesCache&apos;,{{}},&apos;UserDefinedChannelNames&apos;,{{}},&apos;NumLines&apos;,1,&apos;LineNames&apos;,{{&apos;Message Signal [m(t)]1&apos;}},&apos;ShowContent&apos;,true,&apos;Placement&apos;,1)},&apos;DisplayPropertyDefaults&apos;,struct(&apos;MinYLimReal&apos;,&apos;-0.625&apos;,&apos;MaxYLimReal&apos;,&apos;0.625&apos;,&apos;YLabelReal&apos;,&apos;&apos;,&apos;MinYLimMag&apos;,&apos;0.00000&apos;,&apos;MaxYLimMag&apos;,&apos;0.625&apos;,&apos;LegendVisibility&apos;,&apos;On&apos;,&apos;XGrid&apos;,true,&apos;YGrid&apos;,true,&apos;PlotMagPhase&apos;,false,&apos;AxesColor&apos;,[0 0 0],&apos;AxesTickColor&apos;,[0.686274509803922 0.686274509803922 0.686274509803922],&apos;ColorOrder&apos;,[0.0745098039215686 0.623529411764706 1;1 0.411764705882353 0.16078431372549;1 1 0.0666666666666667;0.717647058823529 0.274509803921569 1;0.392156862745098 0.831372549019608 0.0745098039215686;0.0588235294117647 1 1;1 0.0745098039215686 0.650980392156863])),extmgr.Configuration(&apos;Tools&apos;,&apos;Plot Navigation&apos;,true),extmgr.Configuration(&apos;Tools&apos;,&apos;Measurements&apos;,true,&apos;Version&apos;,&apos;2023a&apos;,&apos;Measurements&apos;,struct(&apos;peaks&apos;,struct(&apos;Threshold&apos;,0,&apos;NumPeaks&apos;,3,&apos;MinPeakDistance&apos;,1,&apos;MinPeakHeight&apos;,-Inf,&apos;SortByXAxis&apos;,false,&apos;TextLabelFormat&apos;,1,&apos;TextIndices&apos;,[],&apos;SortAscending&apos;,false,&apos;SettingsPanelOpen&apos;,0,&apos;PeaksPanelOpen&apos;,1)))),&apos;Version&apos;,&apos;2023a&apos;,&apos;Position&apos;,[17 339.666666666667 1261.33333333333 295.333333333333])</P>
    <P Name="NumInputPorts">1</P>
    <P Name="Floating">off</P>
  </Block>
  <Block BlockType="Scope" Name="Modulated Signal1" SID="31">
    <PortCounts in="1"/>
    <P Name="Position">[765, 124, 795, 156]</P>
    <P Name="ZOrder">62</P>
    <P Name="ScopeSpecificationString">Simulink.scopes.TimeScopeBlockCfg(&apos;CurrentConfiguration&apos;, extmgr.ConfigurationSet(extmgr.Configuration(&apos;Core&apos;,&apos;General UI&apos;,true),extmgr.Configuration(&apos;Core&apos;,&apos;Source UI&apos;,true),extmgr.Configuration(&apos;Sources&apos;,&apos;WiredSimulink&apos;,true,&apos;DataLoggingVariableName&apos;,&apos;ScopeData3&apos;),extmgr.Configuration(&apos;Visuals&apos;,&apos;Time Domain&apos;,true,&apos;SerializedDisplays&apos;,{struct(&apos;MinYLimReal&apos;,&apos;-1.76856&apos;,&apos;MaxYLimReal&apos;,&apos;1.86317&apos;,&apos;YLabelReal&apos;,&apos;&apos;,&apos;MinYLimMag&apos;,&apos;0.00000&apos;,&apos;MaxYLimMag&apos;,&apos;1.86317&apos;,&apos;LegendVisibility&apos;,&apos;On&apos;,&apos;XGrid&apos;,true,&apos;YGrid&apos;,true,&apos;PlotMagPhase&apos;,false,&apos;AxesColor&apos;,[0 0 0],&apos;AxesTickColor&apos;,[0.686274509803922 0.686274509803922 0.686274509803922],&apos;ColorOrder&apos;,[1 1 0.0666666666666667;0.0745098039215686 0.623529411764706 1;1 0.411764705882353 0.16078431372549;0.392156862745098 0.831372549019608 0.0745098039215686;0.717647058823529 0.274509803921569 1;0.0588235294117647 1 1;1 0.0745098039215686 0.650980392156863],&apos;Title&apos;,&apos;%&lt;SignalLabel&gt;&apos;,&apos;LinePropertiesCache&apos;,{{}},&apos;UserDefinedChannelNames&apos;,{{}},&apos;NumLines&apos;,1,&apos;LineNames&apos;,{{&apos;Product2&apos;}},&apos;ShowContent&apos;,true,&apos;Placement&apos;,1)},&apos;DisplayPropertyDefaults&apos;,struct(&apos;MinYLimReal&apos;,&apos;-1.76856&apos;,&apos;MaxYLimReal&apos;,&apos;1.86317&apos;,&apos;YLabelReal&apos;,&apos;&apos;,&apos;MinYLimMag&apos;,&apos;0.00000&apos;,&apos;MaxYLimMag&apos;,&apos;1.86317&apos;,&apos;LegendVisibility&apos;,&apos;On&apos;,&apos;XGrid&apos;,true,&apos;YGrid&apos;,true,&apos;PlotMagPhase&apos;,false,&apos;AxesColor&apos;,[0 0 0],&apos;AxesTickColor&apos;,[0.686274509803922 0.686274509803922 0.686274509803922],&apos;ColorOrder&apos;,[0.0745098039215686 0.623529411764706 1;1 0.411764705882353 0.16078431372549;1 1 0.0666666666666667;0.717647058823529 0.274509803921569 1;0.392156862745098 0.831372549019608 0.0745098039215686;0.0588235294117647 1 1;1 0.0745098039215686 0.650980392156863])),extmgr.Configuration(&apos;Tools&apos;,&apos;Plot Navigation&apos;,true),extmgr.Configuration(&apos;Tools&apos;,&apos;Measurements&apos;,true,&apos;Version&apos;,&apos;2023a&apos;,&apos;Measurements&apos;,struct(&apos;signalstats&apos;,[],&apos;peaks&apos;,struct(&apos;Threshold&apos;,0,&apos;NumPeaks&apos;,3,&apos;MinPeakDistance&apos;,1,&apos;MinPeakHeight&apos;,-Inf,&apos;SortByXAxis&apos;,false,&apos;TextLabelFormat&apos;,1,&apos;TextIndices&apos;,[],&apos;SortAscending&apos;,false,&apos;SettingsPanelOpen&apos;,0,&apos;PeaksPanelOpen&apos;,1)))),&apos;Version&apos;,&apos;2023a&apos;,&apos;Position&apos;,[12.3333333333333 125 1259.33333333333 426])</P>
    <P Name="NumInputPorts">1</P>
    <P Name="Floating">off</P>
  </Block>
  <Block BlockType="Sum" Name="Modulation AM2" SID="32">
    <PortCounts in="2" out="1"/>
    <P Name="Position">[440, 160, 470, 200]</P>
    <P Name="ZOrder">64</P>
  </Block>
  <Block BlockType="Product" Name="Product2" SID="33">
    <PortCounts in="2" out="1"/>
    <P Name="Position">[600, 182, 630, 213]</P>
    <P Name="ZOrder">60</P>
  </Block>
  <Block BlockType="RateTransition" Name="Rate Transition1" SID="34">
    <P Name="Position">[795, 254, 835, 296]</P>
    <P Name="ZOrder">65</P>
    <P Name="OutPortSampleTime">0.0001</P>
  </Block>
  <Block BlockType="SpectrumAnalyzer" Name="Spectrum analyser" SID="35">
    <PortCounts in="1"/>
    <P Name="Position">[915, 259, 950, 291]</P>
    <P Name="ZOrder">66</P>
    <P Name="GraphicalSettings">{&quot;GraphicalSettings&quot;:{&quot;Style&quot;:{&quot;BackgroundColor&quot;:[0.1568627450980392,0.1568627450980392,0.1568627450980392],&quot;AxesColor&quot;:[0,0,0],&quot;LabelsColor&quot;:[0.6862745098039216,0.6862745098039216,0.6862745098039216],&quot;PreserveColors&quot;:false,&quot;Visible&quot;:[true],&quot;LineStyle&quot;:[&quot;-&quot;],&quot;LineColor&quot;:[[1,1,0.06666666666666667]],&quot;LineWidth&quot;:[1.5],&quot;Marker&quot;:[&quot;none&quot;],&quot;FontSize&quot;:&quot;small&quot;},&quot;Cursors&quot;:{&quot;Enabled&quot;:false,&quot;XLocation&quot;:[2,8],&quot;YLocation&quot;:[2,8],&quot;SnapToData&quot;:false,&quot;LockSpacing&quot;:false,&quot;ShowText&quot;:false,&quot;LinkToWaveform&quot;:true,&quot;Vertical&quot;:true,&quot;Horizontal&quot;:true},&quot;Peaks&quot;:{&quot;NumPeaks&quot;:3,&quot;MinHeight&quot;:&quot;-Inf&quot;,&quot;MinDistance&quot;:1,&quot;Threshold&quot;:0,&quot;LabelPeaks&quot;:false,&quot;LabelFormat&quot;:&quot;x + y&quot;,&quot;Enabled&quot;:true},&quot;Channel&quot;:{&quot;Type&quot;:&quot;occupied-bandwidth&quot;,&quot;FrequencySpan&quot;:&quot;span-and-center-frequency&quot;,&quot;Span&quot;:100,&quot;CenterFrequency&quot;:250,&quot;StartFrequency&quot;:-1000,&quot;StopFrequency&quot;:1000,&quot;PercentOccupiedBW&quot;:99,&quot;NumOffsets&quot;:2,&quot;AdjacentBW&quot;:1000,&quot;FilterShape&quot;:&quot;none&quot;,&quot;FilterCoeff&quot;:0.5,&quot;ACPROffsets&quot;:[2000,3500],&quot;Enabled&quot;:false},&quot;Distortion&quot;:{&quot;Type&quot;:&quot;harmonic&quot;,&quot;NumHarmonics&quot;:6,&quot;LabelValues&quot;:false,&quot;Enabled&quot;:false},&quot;SpectralMask&quot;:{&quot;EnabledMasks&quot;:&quot;none&quot;,&quot;UpperMask&quot;:&quot;Inf&quot;,&quot;LowerMask&quot;:&quot;-Inf&quot;,&quot;ReferenceLevel&quot;:&quot;custom&quot;,&quot;CustomReferenceLevel&quot;:0,&quot;SelectedChannel&quot;:1,&quot;MaskFrequencyOffset&quot;:0,&quot;Enabled&quot;:false}}}</P>
    <P Name="WindowPosition">[1.000000,41.000000,1280.000000,657.000000,]</P>
    <P Name="ScopeFrameLocation">window</P>
    <P Name="WasSavedAsWebScope">on</P>
    <P Name="Method">Welch</P>
    <P Name="PlotAsTwoSidedSpectrum">off</P>
    <P Name="Span">500</P>
    <P Name="CenterFrequency">250</P>
    <P Name="StartFrequency">0</P>
    <P Name="StopFrequency">500</P>
    <P Name="SpectrumUnits">Watts</P>
    <P Name="YLimits">[-0.05644839,0.50803549]</P>
    <P Name="ColorLimits">[-80 20]</P>
    <P Name="ScopeSpecificationString">spbscopes.SpectrumAnalyzerBlockCfg(&apos;CurrentConfiguration&apos;, extmgr.ConfigurationSet(extmgr.Configuration(&apos;Core&apos;,&apos;General UI&apos;,true),extmgr.Configuration(&apos;Core&apos;,&apos;Source UI&apos;,true),extmgr.Configuration(&apos;Sources&apos;,&apos;WiredSimulink&apos;,true),extmgr.Configuration(&apos;Visuals&apos;,&apos;Spectrum&apos;,true,&apos;AxesProperties&apos;,struct(&apos;Color&apos;,{[0 0 0],[0 0 0]},&apos;XColor&apos;,{[0.686274509803922 0.686274509803922 0.686274509803922],[0.686274509803922 0.686274509803922 0.686274509803922]},&apos;YColor&apos;,{[0.686274509803922 0.686274509803922 0.686274509803922],[0.686274509803922 0.686274509803922 0.686274509803922]},&apos;ZColor&apos;,{[0.686274509803922 0.686274509803922 0.686274509803922],[0.686274509803922 0.686274509803922 0.686274509803922]},&apos;XGrid&apos;,{&apos;on&apos;,&apos;on&apos;},&apos;YGrid&apos;,{&apos;on&apos;,&apos;on&apos;},&apos;ZGrid&apos;,{&apos;off&apos;,&apos;off&apos;},&apos;Box&apos;,{&apos;on&apos;,&apos;on&apos;},&apos;XScale&apos;,{&apos;linear&apos;,&apos;linear&apos;},&apos;YScale&apos;,{&apos;linear&apos;,&apos;linear&apos;},&apos;ZScale&apos;,{&apos;linear&apos;,&apos;linear&apos;},&apos;XDir&apos;,{&apos;normal&apos;,&apos;normal&apos;},&apos;YDir&apos;,{&apos;normal&apos;,&apos;normal&apos;},&apos;ZDir&apos;,{&apos;normal&apos;,&apos;normal&apos;},&apos;XTickMode&apos;,{&apos;auto&apos;,&apos;auto&apos;},&apos;YTickMode&apos;,{&apos;auto&apos;,&apos;auto&apos;},&apos;ZTickMode&apos;,{&apos;auto&apos;,&apos;auto&apos;},&apos;XTickLabelMode&apos;,{&apos;manual&apos;,&apos;manual&apos;},&apos;YTickLabelMode&apos;,{&apos;auto&apos;,&apos;auto&apos;},&apos;ZTickLabelMode&apos;,{&apos;manual&apos;,&apos;manual&apos;},&apos;XTickLabel&apos;,{&apos;&apos;,&apos;&apos;},&apos;ZTickLabel&apos;,{&apos;&apos;,&apos;&apos;},&apos;FontName&apos;,{&apos;Helvetica&apos;,&apos;Helvetica&apos;},&apos;FontSize&apos;,{8.5,8.5},&apos;FontUnits&apos;,{&apos;points&apos;,&apos;points&apos;},&apos;FontWeight&apos;,{&apos;normal&apos;,&apos;normal&apos;},&apos;Title&apos;,{&apos;&apos;,&apos;&apos;},&apos;XLabel&apos;,{&apos;Frequency&apos;,&apos;&apos;},&apos;YLabel&apos;,{&apos; dBm&apos;,&apos;&apos;},&apos;ZLabel&apos;,{&apos;&apos;,&apos;&apos;}),&apos;Method&apos;,&apos;Filter bank&apos;,&apos;SpectralMaskProperties&apos;,struct(&apos;EnabledMasks&apos;,&apos;None&apos;,&apos;UpperMask&apos;,Inf,&apos;LowerMask&apos;,-Inf,&apos;ReferenceLevel&apos;,&apos;Custom&apos;,&apos;CustomReferenceLevel&apos;,0,&apos;SelectedChannel&apos;,1,&apos;MaskFrequencyOffset&apos;,0),&apos;AveragingMethod&apos;,&apos;Exponential&apos;),extmgr.Configuration(&apos;Tools&apos;,&apos;Plot Navigation&apos;,true),extmgr.Configuration(&apos;Tools&apos;,&apos;Measurements&apos;,true,&apos;Version&apos;,&apos;2020b&apos;)),&apos;Version&apos;,&apos;2020b&apos;)</P>
  </Block>
  <Line>
    <P Name="ZOrder">53</P>
    <P Name="Src">33#out:1</P>
    <P Name="Points">[87, 0]</P>
    <Branch>
      <P Name="ZOrder">52</P>
      <P Name="Points">[0, 75]</P>
      <P Name="Dst">34#in:1</P>
    </Branch>
    <Branch>
      <P Name="ZOrder">51</P>
      <P Name="Points">[0, -60]</P>
      <P Name="Dst">31#in:1</P>
    </Branch>
  </Line>
  <Line>
    <P Name="ZOrder">55</P>
    <P Name="Src">32#out:1</P>
    <P Name="Points">[55, 0; 0, 10]</P>
    <P Name="Dst">33#in:1</P>
  </Line>
  <Line>
    <P Name="ZOrder">58</P>
    <P Name="Src">27#out:1</P>
    <P Name="Points">[46, 0]</P>
    <Branch>
      <P Name="ZOrder">57</P>
      <P Name="Points">[0, 50]</P>
      <P Name="Dst">26#in:1</P>
    </Branch>
    <Branch>
      <P Name="ZOrder">56</P>
      <P Name="Points">[23, 0; 0, -100]</P>
      <P Name="Dst">33#in:2</P>
    </Branch>
  </Line>
  <Line>
    <P Name="ZOrder">61</P>
    <P Name="Src">30#out:1</P>
    <P Name="Points">[29, 0]</P>
    <Branch>
      <P Name="ZOrder">60</P>
      <P Name="Points">[0, -30]</P>
      <P Name="Dst">29#in:1</P>
    </Branch>
    <Branch>
      <P Name="ZOrder">59</P>
      <P Name="Points">[36, 0]</P>
      <P Name="Dst">32#in:1</P>
    </Branch>
  </Line>
  <Line>
    <P Name="ZOrder">62</P>
    <P Name="Src">28#out:1</P>
    <P Name="Points">[65, 0]</P>
    <P Name="Dst">32#in:2</P>
  </Line>
  <Line>
    <P Name="ZOrder">65</P>
    <P Name="Src">34#out:1</P>
    <P Name="Dst">35#in:1</P>
  </Line>
</System>
