<?xml version="1.0" encoding="utf-8"?>
<System>
  <P Name="Location">[-1, -7, 1280, 681]</P>
  <P Name="Open">on</P>
  <P Name="ReportName">simulink-default.rpt</P>
  <P Name="SIDHighWatermark">14</P>
  <Block BlockType="SignalGenerator" Name="AUDIO&#xA;Generator1" SID="1">
    <PortCounts out="1"/>
    <P Name="Position">[205, 95, 235, 125]</P>
    <P Name="ZOrder">97</P>
    <P Name="Frequency">20</P>
    <P Name="VectorParams1D">off</P>
  </Block>
  <Block BlockType="Reference" Name="Analog&#xA;Filter Design" SID="2">
    <PortCounts in="1" out="1"/>
    <P Name="Position">[865, 308, 930, 372]</P>
    <P Name="ZOrder">105</P>
    <P Name="LibraryVersion">9.10</P>
    <P Name="SourceBlock">dspfdesign/Analog
Filter Design</P>
    <P Name="SourceType">Analog Filter Design</P>
    <InstanceData>
      <P Name="method">Butterworth</P>
      <P Name="filttype">Lowpass</P>
      <P Name="N">8</P>
      <P Name="Wlo">2*pi*90</P>
      <P Name="Whi">2*pi*1000</P>
      <P Name="Rp">2</P>
      <P Name="Rs">40</P>
    </InstanceData>
  </Block>
  <Block BlockType="Reference" Name="Analog&#xA;Filter Design2" SID="3">
    <PortCounts in="1" out="1"/>
    <P Name="Position">[710, 108, 775, 172]</P>
    <P Name="ZOrder">108</P>
    <P Name="LibraryVersion">9.10</P>
    <P Name="SourceBlock">dspfdesign/Analog
Filter Design</P>
    <P Name="SourceType">Analog Filter Design</P>
    <InstanceData>
      <P Name="method">Butterworth</P>
      <P Name="filttype">Bandpass</P>
      <P Name="N">8</P>
      <P Name="Wlo">2*pi*80</P>
      <P Name="Whi">2*pi*100</P>
      <P Name="Rp">2</P>
      <P Name="Rs">40</P>
    </InstanceData>
  </Block>
  <Block BlockType="SignalGenerator" Name="Carrier&#xA;Generator" SID="4">
    <PortCounts out="1"/>
    <P Name="Position">[230, 230, 260, 260]</P>
    <P Name="ZOrder">96</P>
    <P Name="Frequency">110</P>
  </Block>
  <Block BlockType="Gain" Name="Gain" SID="5">
    <P Name="Position">[985, 355, 1015, 385]</P>
    <P Name="ZOrder">107</P>
    <P Name="Gain">3</P>
  </Block>
  <Block BlockType="Product" Name="Product" SID="6">
    <PortCounts in="2" out="1"/>
    <P Name="Position">[425, 177, 455, 208]</P>
    <P Name="ZOrder">101</P>
  </Block>
  <Block BlockType="Product" Name="Product2" SID="7">
    <PortCounts in="2" out="1"/>
    <P Name="Position">[780, 322, 810, 353]</P>
    <P Name="ZOrder">104</P>
  </Block>
  <Block BlockType="RateTransition" Name="Rate Transition" SID="8">
    <P Name="Position">[835, 129, 875, 171]</P>
    <P Name="ZOrder">102</P>
    <P Name="OutPortSampleTime">0.0001</P>
  </Block>
  <Block BlockType="Scope" Name="Scope" SID="9">
    <PortCounts in="1"/>
    <P Name="Position">[250, 339, 280, 371]</P>
    <P Name="ZOrder">98</P>
    <P Name="ScopeSpecificationString">Simulink.scopes.TimeScopeBlockCfg(&apos;CurrentConfiguration&apos;, extmgr.ConfigurationSet(extmgr.Configuration(&apos;Core&apos;,&apos;General UI&apos;,true),extmgr.Configuration(&apos;Core&apos;,&apos;Source UI&apos;,true),extmgr.Configuration(&apos;Sources&apos;,&apos;WiredSimulink&apos;,true,&apos;DataLoggingVariableName&apos;,&apos;ScopeData1&apos;),extmgr.Configuration(&apos;Visuals&apos;,&apos;Time Domain&apos;,true,&apos;SerializedDisplays&apos;,{struct(&apos;MinYLimReal&apos;,&apos;-1.25&apos;,&apos;MaxYLimReal&apos;,&apos;1.25&apos;,&apos;YLabelReal&apos;,&apos;&apos;,&apos;MinYLimMag&apos;,&apos;0.00000&apos;,&apos;MaxYLimMag&apos;,&apos;1.25&apos;,&apos;LegendVisibility&apos;,&apos;off&apos;,&apos;XGrid&apos;,true,&apos;YGrid&apos;,true,&apos;PlotMagPhase&apos;,false,&apos;AxesColor&apos;,[0 0 0],&apos;AxesTickColor&apos;,[0.686274509803922 0.686274509803922 0.686274509803922],&apos;ColorOrder&apos;,[1 1 0.0666666666666667;0.0745098039215686 0.623529411764706 1;1 0.411764705882353 0.16078431372549;0.392156862745098 0.831372549019608 0.0745098039215686;0.717647058823529 0.274509803921569 1;0.0588235294117647 1 1;1 0.0745098039215686 0.650980392156863],&apos;Title&apos;,&apos;%&lt;SignalLabel&gt;&apos;,&apos;LinePropertiesCache&apos;,{{}},&apos;UserDefinedChannelNames&apos;,{{}},&apos;NumLines&apos;,1,&apos;LineNames&apos;,{{&apos;Carrier Generator&apos;}},&apos;ShowContent&apos;,true,&apos;Placement&apos;,1)},&apos;DisplayPropertyDefaults&apos;,struct(&apos;MinYLimReal&apos;,&apos;-1.25&apos;,&apos;MaxYLimReal&apos;,&apos;1.25&apos;,&apos;YLabelReal&apos;,&apos;&apos;,&apos;MinYLimMag&apos;,&apos;0.00000&apos;,&apos;MaxYLimMag&apos;,&apos;1.25&apos;,&apos;LegendVisibility&apos;,&apos;off&apos;,&apos;XGrid&apos;,true,&apos;YGrid&apos;,true,&apos;PlotMagPhase&apos;,false,&apos;AxesColor&apos;,[0 0 0],&apos;AxesTickColor&apos;,[0.686274509803922 0.686274509803922 0.686274509803922],&apos;ColorOrder&apos;,[0.0745098039215686 0.623529411764706 1;1 0.411764705882353 0.16078431372549;1 1 0.0666666666666667;0.717647058823529 0.274509803921569 1;0.392156862745098 0.831372549019608 0.0745098039215686;0.0588235294117647 1 1;1 0.0745098039215686 0.650980392156863])),extmgr.Configuration(&apos;Tools&apos;,&apos;Plot Navigation&apos;,true),extmgr.Configuration(&apos;Tools&apos;,&apos;Measurements&apos;,true,&apos;Version&apos;,&apos;2023b&apos;)),&apos;Version&apos;,&apos;2023a&apos;,&apos;Position&apos;,[691 370 1298 418])</P>
    <P Name="NumInputPorts">1</P>
    <P Name="Floating">off</P>
  </Block>
  <Block BlockType="Scope" Name="Scope1" SID="10">
    <PortCounts in="1"/>
    <P Name="Position">[580, 124, 610, 156]</P>
    <P Name="ZOrder">99</P>
    <P Name="ScopeSpecificationString">Simulink.scopes.TimeScopeBlockCfg(&apos;CurrentConfiguration&apos;, extmgr.ConfigurationSet(extmgr.Configuration(&apos;Core&apos;,&apos;General UI&apos;,true),extmgr.Configuration(&apos;Core&apos;,&apos;Source UI&apos;,true),extmgr.Configuration(&apos;Sources&apos;,&apos;WiredSimulink&apos;,true,&apos;DataLoggingVariableName&apos;,&apos;ScopeData2&apos;),extmgr.Configuration(&apos;Visuals&apos;,&apos;Time Domain&apos;,true,&apos;SerializedDisplays&apos;,{struct(&apos;MinYLimReal&apos;,&apos;-1.23461&apos;,&apos;MaxYLimReal&apos;,&apos;1.23461&apos;,&apos;YLabelReal&apos;,&apos;&apos;,&apos;MinYLimMag&apos;,&apos;0.00000&apos;,&apos;MaxYLimMag&apos;,&apos;1.23461&apos;,&apos;LegendVisibility&apos;,&apos;off&apos;,&apos;XGrid&apos;,true,&apos;YGrid&apos;,true,&apos;PlotMagPhase&apos;,false,&apos;AxesColor&apos;,[0 0 0],&apos;AxesTickColor&apos;,[0.686274509803922 0.686274509803922 0.686274509803922],&apos;ColorOrder&apos;,[1 1 0.0666666666666667;0.0745098039215686 0.623529411764706 1;1 0.411764705882353 0.16078431372549;0.392156862745098 0.831372549019608 0.0745098039215686;0.717647058823529 0.274509803921569 1;0.0588235294117647 1 1;1 0.0745098039215686 0.650980392156863],&apos;Title&apos;,&apos;%&lt;SignalLabel&gt;&apos;,&apos;LinePropertiesCache&apos;,{{}},&apos;UserDefinedChannelNames&apos;,{{}},&apos;NumLines&apos;,1,&apos;LineNames&apos;,{{&apos;Product&apos;}},&apos;ShowContent&apos;,true,&apos;Placement&apos;,1)},&apos;DisplayPropertyDefaults&apos;,struct(&apos;MinYLimReal&apos;,&apos;-1.23461&apos;,&apos;MaxYLimReal&apos;,&apos;1.23461&apos;,&apos;YLabelReal&apos;,&apos;&apos;,&apos;MinYLimMag&apos;,&apos;0.00000&apos;,&apos;MaxYLimMag&apos;,&apos;1.23461&apos;,&apos;LegendVisibility&apos;,&apos;off&apos;,&apos;XGrid&apos;,true,&apos;YGrid&apos;,true,&apos;PlotMagPhase&apos;,false,&apos;AxesColor&apos;,[0 0 0],&apos;AxesTickColor&apos;,[0.686274509803922 0.686274509803922 0.686274509803922],&apos;ColorOrder&apos;,[0.0745098039215686 0.623529411764706 1;1 0.411764705882353 0.16078431372549;1 1 0.0666666666666667;0.717647058823529 0.274509803921569 1;0.392156862745098 0.831372549019608 0.0745098039215686;0.0588235294117647 1 1;1 0.0745098039215686 0.650980392156863])),extmgr.Configuration(&apos;Tools&apos;,&apos;Plot Navigation&apos;,true),extmgr.Configuration(&apos;Tools&apos;,&apos;Measurements&apos;,true,&apos;Version&apos;,&apos;2023b&apos;)),&apos;Version&apos;,&apos;2023a&apos;,&apos;Position&apos;,[690 301 1368 489])</P>
    <P Name="NumInputPorts">1</P>
    <P Name="Floating">off</P>
  </Block>
  <Block BlockType="Scope" Name="Scope2" SID="11">
    <PortCounts in="1"/>
    <P Name="Position">[315, 59, 345, 91]</P>
    <P Name="ZOrder">100</P>
    <P Name="ScopeSpecificationString">Simulink.scopes.TimeScopeBlockCfg(&apos;CurrentConfiguration&apos;, extmgr.ConfigurationSet(extmgr.Configuration(&apos;Core&apos;,&apos;General UI&apos;,true),extmgr.Configuration(&apos;Core&apos;,&apos;Source UI&apos;,true),extmgr.Configuration(&apos;Sources&apos;,&apos;WiredSimulink&apos;,true,&apos;DataLoggingVariableName&apos;,&apos;ScopeData3&apos;),extmgr.Configuration(&apos;Visuals&apos;,&apos;Time Domain&apos;,true,&apos;SerializedDisplays&apos;,{struct(&apos;MinYLimReal&apos;,&apos;-1.25&apos;,&apos;MaxYLimReal&apos;,&apos;1.25&apos;,&apos;YLabelReal&apos;,&apos;&apos;,&apos;MinYLimMag&apos;,&apos;0.00000&apos;,&apos;MaxYLimMag&apos;,&apos;1.25&apos;,&apos;LegendVisibility&apos;,&apos;off&apos;,&apos;XGrid&apos;,true,&apos;YGrid&apos;,true,&apos;PlotMagPhase&apos;,false,&apos;AxesColor&apos;,[0 0 0],&apos;AxesTickColor&apos;,[0.686274509803922 0.686274509803922 0.686274509803922],&apos;ColorOrder&apos;,[1 1 0.0666666666666667;0.0745098039215686 0.623529411764706 1;1 0.411764705882353 0.16078431372549;0.392156862745098 0.831372549019608 0.0745098039215686;0.717647058823529 0.274509803921569 1;0.0588235294117647 1 1;1 0.0745098039215686 0.650980392156863],&apos;Title&apos;,&apos;%&lt;SignalLabel&gt;&apos;,&apos;LinePropertiesCache&apos;,{{}},&apos;UserDefinedChannelNames&apos;,{{}},&apos;NumLines&apos;,1,&apos;LineNames&apos;,{{&apos;AUDIO Generator1&apos;}},&apos;ShowContent&apos;,true,&apos;Placement&apos;,1)},&apos;DisplayPropertyDefaults&apos;,struct(&apos;MinYLimReal&apos;,&apos;-1.25&apos;,&apos;MaxYLimReal&apos;,&apos;1.25&apos;,&apos;YLabelReal&apos;,&apos;&apos;,&apos;MinYLimMag&apos;,&apos;0.00000&apos;,&apos;MaxYLimMag&apos;,&apos;1.25&apos;,&apos;LegendVisibility&apos;,&apos;off&apos;,&apos;XGrid&apos;,true,&apos;YGrid&apos;,true,&apos;PlotMagPhase&apos;,false,&apos;AxesColor&apos;,[0 0 0],&apos;AxesTickColor&apos;,[0.686274509803922 0.686274509803922 0.686274509803922],&apos;ColorOrder&apos;,[0.0745098039215686 0.623529411764706 1;1 0.411764705882353 0.16078431372549;1 1 0.0666666666666667;0.717647058823529 0.274509803921569 1;0.392156862745098 0.831372549019608 0.0745098039215686;0.0588235294117647 1 1;1 0.0745098039215686 0.650980392156863])),extmgr.Configuration(&apos;Tools&apos;,&apos;Plot Navigation&apos;,true),extmgr.Configuration(&apos;Tools&apos;,&apos;Measurements&apos;,true,&apos;Version&apos;,&apos;2023b&apos;)),&apos;Version&apos;,&apos;2023a&apos;,&apos;Position&apos;,[694 364 1130 418])</P>
    <P Name="NumInputPorts">1</P>
    <P Name="Floating">off</P>
  </Block>
  <Block BlockType="Scope" Name="Scope3" SID="12">
    <PortCounts in="1"/>
    <P Name="Position">[1050, 324, 1080, 356]</P>
    <P Name="ZOrder">106</P>
    <P Name="ScopeSpecificationString">Simulink.scopes.TimeScopeBlockCfg(&apos;CurrentConfiguration&apos;, extmgr.ConfigurationSet(extmgr.Configuration(&apos;Core&apos;,&apos;General UI&apos;,true),extmgr.Configuration(&apos;Core&apos;,&apos;Source UI&apos;,true),extmgr.Configuration(&apos;Sources&apos;,&apos;WiredSimulink&apos;,true,&apos;DataLoggingVariableName&apos;,&apos;ScopeData4&apos;),extmgr.Configuration(&apos;Visuals&apos;,&apos;Time Domain&apos;,true,&apos;SerializedDisplays&apos;,{struct(&apos;MinYLimReal&apos;,&apos;-1.25027&apos;,&apos;MaxYLimReal&apos;,&apos;1.25073&apos;,&apos;YLabelReal&apos;,&apos;&apos;,&apos;MinYLimMag&apos;,&apos;0.00000&apos;,&apos;MaxYLimMag&apos;,&apos;1.25073&apos;,&apos;LegendVisibility&apos;,&apos;off&apos;,&apos;XGrid&apos;,true,&apos;YGrid&apos;,true,&apos;PlotMagPhase&apos;,false,&apos;AxesColor&apos;,[0 0 0],&apos;AxesTickColor&apos;,[0.686274509803922 0.686274509803922 0.686274509803922],&apos;ColorOrder&apos;,[1 1 0.0666666666666667;0.0745098039215686 0.623529411764706 1;1 0.411764705882353 0.16078431372549;0.392156862745098 0.831372549019608 0.0745098039215686;0.717647058823529 0.274509803921569 1;0.0588235294117647 1 1;1 0.0745098039215686 0.650980392156863],&apos;Title&apos;,&apos;%&lt;SignalLabel&gt;&apos;,&apos;LinePropertiesCache&apos;,{{}},&apos;UserDefinedChannelNames&apos;,{{}},&apos;NumLines&apos;,1,&apos;LineNames&apos;,{{&apos;Gain&apos;}},&apos;ShowContent&apos;,true,&apos;Placement&apos;,1)},&apos;DisplayPropertyDefaults&apos;,struct(&apos;MinYLimReal&apos;,&apos;-1.25027&apos;,&apos;MaxYLimReal&apos;,&apos;1.25073&apos;,&apos;YLabelReal&apos;,&apos;&apos;,&apos;MinYLimMag&apos;,&apos;0.00000&apos;,&apos;MaxYLimMag&apos;,&apos;1.25073&apos;,&apos;LegendVisibility&apos;,&apos;off&apos;,&apos;XGrid&apos;,true,&apos;YGrid&apos;,true,&apos;PlotMagPhase&apos;,false,&apos;AxesColor&apos;,[0 0 0],&apos;AxesTickColor&apos;,[0.686274509803922 0.686274509803922 0.686274509803922],&apos;ColorOrder&apos;,[0.0745098039215686 0.623529411764706 1;1 0.411764705882353 0.16078431372549;1 1 0.0666666666666667;0.717647058823529 0.274509803921569 1;0.392156862745098 0.831372549019608 0.0745098039215686;0.0588235294117647 1 1;1 0.0745098039215686 0.650980392156863])),extmgr.Configuration(&apos;Tools&apos;,&apos;Plot Navigation&apos;,true,&apos;OnceAtStop&apos;,false,&apos;PreviousZoomMode&apos;,&apos;Pan&apos;),extmgr.Configuration(&apos;Tools&apos;,&apos;Measurements&apos;,true,&apos;Version&apos;,&apos;2023b&apos;)),&apos;Version&apos;,&apos;2023a&apos;,&apos;Position&apos;,[752 59 1367 607])</P>
    <P Name="NumInputPorts">1</P>
    <P Name="Floating">off</P>
  </Block>
  <Block BlockType="Scope" Name="Scope4" SID="13">
    <PortCounts in="1"/>
    <P Name="Position">[880, 199, 910, 231]</P>
    <P Name="ZOrder">109</P>
    <P Name="ScopeSpecificationString">Simulink.scopes.TimeScopeBlockCfg(&apos;CurrentConfiguration&apos;, extmgr.ConfigurationSet(extmgr.Configuration(&apos;Core&apos;,&apos;General UI&apos;,true),extmgr.Configuration(&apos;Core&apos;,&apos;Source UI&apos;,true),extmgr.Configuration(&apos;Sources&apos;,&apos;WiredSimulink&apos;,true),extmgr.Configuration(&apos;Visuals&apos;,&apos;Time Domain&apos;,true,&apos;SerializedDisplays&apos;,{struct(&apos;MinYLimReal&apos;,&apos;-1.25027&apos;,&apos;MaxYLimReal&apos;,&apos;1.25073&apos;,&apos;YLabelReal&apos;,&apos;&apos;,&apos;MinYLimMag&apos;,&apos;0.00000&apos;,&apos;MaxYLimMag&apos;,&apos;1.25073&apos;,&apos;LegendVisibility&apos;,&apos;off&apos;,&apos;XGrid&apos;,true,&apos;YGrid&apos;,true,&apos;PlotMagPhase&apos;,false,&apos;AxesColor&apos;,[0 0 0],&apos;AxesTickColor&apos;,[0.686274509803922 0.686274509803922 0.686274509803922],&apos;ColorOrder&apos;,[1 1 0.0666666666666667;0.0745098039215686 0.623529411764706 1;1 0.411764705882353 0.16078431372549;0.392156862745098 0.831372549019608 0.0745098039215686;0.717647058823529 0.274509803921569 1;0.0588235294117647 1 1;1 0.0745098039215686 0.650980392156863],&apos;Title&apos;,&apos;%&lt;SignalLabel&gt;&apos;,&apos;LinePropertiesCache&apos;,{{}},&apos;UserDefinedChannelNames&apos;,{{}},&apos;NumLines&apos;,1,&apos;LineNames&apos;,{{&apos;Analog Filter Design2&apos;}},&apos;ShowContent&apos;,true,&apos;Placement&apos;,1)},&apos;DisplayPropertyDefaults&apos;,struct(&apos;MinYLimReal&apos;,&apos;-1.25027&apos;,&apos;MaxYLimReal&apos;,&apos;1.25073&apos;,&apos;YLabelReal&apos;,&apos;&apos;,&apos;MinYLimMag&apos;,&apos;0.00000&apos;,&apos;MaxYLimMag&apos;,&apos;1.25073&apos;,&apos;LegendVisibility&apos;,&apos;off&apos;,&apos;XGrid&apos;,true,&apos;YGrid&apos;,true,&apos;PlotMagPhase&apos;,false,&apos;AxesColor&apos;,[0 0 0],&apos;AxesTickColor&apos;,[0.686274509803922 0.686274509803922 0.686274509803922],&apos;ColorOrder&apos;,[0.0745098039215686 0.623529411764706 1;1 0.411764705882353 0.16078431372549;1 1 0.0666666666666667;0.717647058823529 0.274509803921569 1;0.392156862745098 0.831372549019608 0.0745098039215686;0.0588235294117647 1 1;1 0.0745098039215686 0.650980392156863])),extmgr.Configuration(&apos;Tools&apos;,&apos;Plot Navigation&apos;,true,&apos;OnceAtStop&apos;,false,&apos;PreviousZoomMode&apos;,&apos;Pan&apos;),extmgr.Configuration(&apos;Tools&apos;,&apos;Measurements&apos;,true,&apos;Version&apos;,&apos;2023b&apos;)),&apos;Version&apos;,&apos;2023a&apos;,&apos;Position&apos;,[753 57 1367 607])</P>
    <P Name="NumInputPorts">1</P>
    <P Name="Floating">off</P>
  </Block>
  <Block BlockType="SpectrumAnalyzer" Name="Spectrum&#xA;Analyzer" SID="14">
    <PortCounts in="1"/>
    <P Name="Position">[935, 125, 980, 175]</P>
    <P Name="ZOrder">103</P>
    <P Name="GraphicalSettings">{&quot;GraphicalSettings&quot;:{&quot;Style&quot;:{&quot;BackgroundColor&quot;:[0.12941176470588237,0.12941176470588237,0.12941176470588237],&quot;AxesColor&quot;:[0.07058823529411765,0.07058823529411765,0.07058823529411765],&quot;LabelsColor&quot;:[0.8509803921568627,0.8509803921568627,0.8509803921568627],&quot;PreserveColors&quot;:false,&quot;Visible&quot;:[true],&quot;LineStyle&quot;:[&quot;-&quot;],&quot;LineColor&quot;:[[1,1,0.06666666666666667]],&quot;LineWidth&quot;:[1.5],&quot;Marker&quot;:[&quot;none&quot;],&quot;FontSize&quot;:&quot;small&quot;},&quot;Cursors&quot;:{&quot;Enabled&quot;:false,&quot;XLocation&quot;:[2,8],&quot;YLocation&quot;:[2,8],&quot;SnapToData&quot;:true,&quot;LockSpacing&quot;:true,&quot;ShowText&quot;:false,&quot;ShowMeasurement&quot;:true,&quot;ShowPanel&quot;:false,&quot;LinkToWaveform&quot;:true,&quot;Vertical&quot;:true,&quot;Horizontal&quot;:true},&quot;Peaks&quot;:{&quot;NumPeaks&quot;:2,&quot;MinHeight&quot;:&quot;-Inf&quot;,&quot;MinDistance&quot;:1,&quot;Threshold&quot;:0,&quot;LabelPeaks&quot;:false,&quot;LabelFormat&quot;:&quot;x + y&quot;,&quot;Enabled&quot;:true},&quot;Channel&quot;:{&quot;Type&quot;:&quot;occupied-bandwidth&quot;,&quot;FrequencySpan&quot;:&quot;span-and-center-frequency&quot;,&quot;Span&quot;:100,&quot;CenterFrequency&quot;:250,&quot;StartFrequency&quot;:-1000,&quot;StopFrequency&quot;:1000,&quot;PercentOccupiedBW&quot;:99,&quot;NumOffsets&quot;:2,&quot;AdjacentBW&quot;:1000,&quot;FilterShape&quot;:&quot;none&quot;,&quot;FilterCoeff&quot;:0.5,&quot;ACPROffsets&quot;:[2000,3500],&quot;Enabled&quot;:false},&quot;Distortion&quot;:{&quot;Type&quot;:&quot;harmonic&quot;,&quot;NumHarmonics&quot;:6,&quot;LabelValues&quot;:false,&quot;Enabled&quot;:false},&quot;SpectralMask&quot;:{&quot;EnabledMasks&quot;:&quot;none&quot;,&quot;UpperMask&quot;:&quot;Inf&quot;,&quot;LowerMask&quot;:&quot;-Inf&quot;,&quot;ReferenceLevel&quot;:&quot;custom&quot;,&quot;CustomReferenceLevel&quot;:0,&quot;SelectedChannel&quot;:1,&quot;MaskFrequencyOffset&quot;:0,&quot;Enabled&quot;:false}}}</P>
    <P Name="WindowPosition">[1.000000,41.000000,1280.000000,657.000000,]</P>
    <P Name="ScopeFrameLocation">window</P>
    <P Name="WasSavedAsWebScope">on</P>
    <P Name="Method">Welch</P>
    <P Name="SampleRate">44.1e3</P>
    <P Name="PlotAsTwoSidedSpectrum">off</P>
    <P Name="StartFrequency">20</P>
    <P Name="StopFrequency">20e3</P>
    <P Name="SpectrumUnits">Watts</P>
    <P Name="YLimits">[-0.01281711,0.11535398]</P>
    <P Name="SelectedToolstripTab">spectrumAnalyzerToolstrip.measurementsTab</P>
  </Block>
  <Line>
    <P Name="ZOrder">1</P>
    <P Name="Src">8#out:1</P>
    <P Name="Dst">14#in:1</P>
  </Line>
  <Line>
    <P Name="ZOrder">6</P>
    <P Name="Src">3#out:1</P>
    <P Name="Points">[8, 0]</P>
    <Branch>
      <P Name="ZOrder">5</P>
      <P Name="Points">[0, 75]</P>
      <P Name="Dst">13#in:1</P>
    </Branch>
    <Branch>
      <P Name="ZOrder">4</P>
      <P Name="Points">[17, 0; 0, 10]</P>
      <Branch>
        <P Name="ZOrder">3</P>
        <P Name="Points">[0, 115; -49, 0; 0, 65]</P>
        <P Name="Dst">7#in:1</P>
      </Branch>
      <Branch>
        <P Name="ZOrder">2</P>
        <P Name="Dst">8#in:1</P>
      </Branch>
    </Branch>
  </Line>
  <Line>
    <P Name="ZOrder">7</P>
    <P Name="Src">5#out:1</P>
    <P Name="Points">[13, 0; 0, -30]</P>
    <P Name="Dst">12#in:1</P>
  </Line>
  <Line>
    <P Name="ZOrder">10</P>
    <P Name="Src">1#out:1</P>
    <P Name="Points">[36, 0]</P>
    <Branch>
      <P Name="ZOrder">9</P>
      <P Name="Points">[0, 75]</P>
      <P Name="Dst">6#in:1</P>
    </Branch>
    <Branch>
      <P Name="ZOrder">8</P>
      <P Name="Points">[0, -35]</P>
      <P Name="Dst">11#in:1</P>
    </Branch>
  </Line>
  <Line>
    <P Name="ZOrder">15</P>
    <P Name="Src">4#out:1</P>
    <P Name="Points">[23, 0]</P>
    <Branch>
      <P Name="ZOrder">14</P>
      <P Name="Points">[0, 68; -62, 0; 0, 42]</P>
      <P Name="Dst">9#in:1</P>
    </Branch>
    <Branch>
      <P Name="ZOrder">13</P>
      <P Name="Points">[53, 0]</P>
      <Branch>
        <P Name="ZOrder">12</P>
        <P Name="Points">[0, 100]</P>
        <P Name="Dst">7#in:2</P>
      </Branch>
      <Branch>
        <P Name="ZOrder">11</P>
        <P Name="Points">[12, 0; 0, -45]</P>
        <P Name="Dst">6#in:2</P>
      </Branch>
    </Branch>
  </Line>
  <Line>
    <P Name="ZOrder">18</P>
    <P Name="Src">6#out:1</P>
    <P Name="Points">[48, 0]</P>
    <Branch>
      <P Name="ZOrder">17</P>
      <P Name="Points">[152, 0; 0, -55]</P>
      <P Name="Dst">3#in:1</P>
    </Branch>
    <Branch>
      <P Name="ZOrder">16</P>
      <P Name="Points">[0, -35; 25, 0; 0, -20]</P>
      <P Name="Dst">10#in:1</P>
    </Branch>
  </Line>
  <Line>
    <P Name="ZOrder">19</P>
    <P Name="Src">7#out:1</P>
    <P Name="Dst">2#in:1</P>
  </Line>
  <Line>
    <P Name="ZOrder">20</P>
    <P Name="Src">2#out:1</P>
    <P Name="Points">[23, 0; 0, 30]</P>
    <P Name="Dst">5#in:1</P>
  </Line>
</System>
